{
  "seed": 2597868666,
  "countries": [
    "RU",
    "US",
    "DE",
    "IN"
  ],
  "languages": [
    "ru",
    "en",
    "de",
    "en"
  ],
  "n_total": 500,
  "n_per_group": {
    "RU-ru": 110,
    "US-en": 138,
    "DE-de": 104,
    "IN-en": 148
  },
  "scales_enabled": [
    "BIAS",
    "DOI",
    "NPI",
    "SD3_psy",
    "SD3_mac",
    "SD3_narc",
    "HSQ_aff",
    "HSQ_self",
    "HSQ_aggr",
    "HSQ_soci",
    "ATTN"
  ],
  "correlation_matrix": [
    [
      1.0,
      -0.1642220526052117,
      0.14830053684436303,
      -0.02818394125769215,
      0.001643534225386778,
      0.09675073117727001,
      -0.06498423143347304,
      0.43562140049721626,
      0.34790110341948643,
      -0.0899203450047215,
      -0.0297539062324585,
      0.06807477703938343,
      0.04851773529753653
    ],
    [
      -0.1642220526052117,
      1.0,
      -0.07663840026800871,
      -0.15565458776301194,
      -0.020967808140691824,
      0.12352626103707297,
      -0.22476792970506618,
      -0.2440710510976428,
      -0.12615143945657298,
      0.09603630596232056,
      -0.10209243260052546,
      0.013005975481560399,
      -0.0565144975239233
    ],
    [
      0.14830053684436303,
      -0.07663840026800871,
      1.0,
      -0.048822229556877386,
      0.13126447558035476,
      -0.10751784867578706,
      0.07847056226086031,
      0.041528324230350036,
      0.16980667909365393,
      0.1407303098772114,
      0.014324640757704907,
      -0.009445773437903848,
      0.15074387476964674
    ],
    [
      -0.02818394125769215,
      -0.15565458776301194,
      -0.048822229556877386,
      1.0,
      -0.2548277587995723,
      -0.16469785068850398,
      0.154834377226484,
      -0.026789786463195575,
      -0.038849023239263314,
      -0.12427429915442684,
      -0.020364937049955234,
      0.09429767280346864,
      -0.002369537889722093
    ],
    [
      0.001643534225386778,
      -0.020967808140691824,
      0.13126447558035476,
      -0.2548277587995723,
      1.0,
      0.061380344765322586,
      0.023730120480324985,
      0.06601722316617552,
      0.03565105937735067,
      0.016590952653210558,
      0.17647775935517318,
      -0.12560911485413953,
      0.15637536036819927
    ],
    [
      0.09675073117727001,
      0.12352626103707297,
      -0.10751784867578706,
      -0.16469785068850398,
      0.061380344765322586,
      1.0,
      -0.09526008125321035,
      0.11762708212607201,
      -0.049580257719723894,
      -0.08729470419759947,
      0.004246396376344634,
      0.1395955499204582,
      -0.04939566037661382
    ],
    [
      -0.06498423143347304,
      -0.22476792970506618,
      0.07847056226086031,
      0.154834377226484,
      0.023730120480324985,
      -0.09526008125321035,
      1.0,
      0.11788892626161304,
      -0.12917508290494464,
      -0.10962605646225844,
      0.1516151130039988,
      0.01603187484341106,
      0.004922157199422118
    ],
    [
      0.43562140049721626,
      -0.2440710510976428,
      0.041528324230350036,
      -0.026789786463195575,
      0.06601722316617552,
      0.11762708212607201,
      0.11788892626161304,
      1.0,
      0.271574774513319,
      -0.13146539866252033,
      0.04721489670135683,
      0.03440276139684987,
      -0.04226330221267558
    ],
    [
      0.34790110341948643,
      -0.12615143945657298,
      0.16980667909365393,
      -0.038849023239263314,
      0.03565105937735067,
      -0.049580257719723894,
      -0.12917508290494464,
      0.271574774513319,
      1.0,
      -0.013986822578634608,
      0.09832470041551386,
      0.11114368571596725,
      0.09894875266775933
    ],
    [
      -0.0899203450047215,
      0.09603630596232056,
      0.1407303098772114,
      -0.12427429915442684,
      0.016590952653210558,
      -0.08729470419759947,
      -0.10962605646225844,
      -0.13146539866252033,
      -0.013986822578634608,
      1.0,
      -0.03335757870164635,
      -0.006568464345364514,
      -0.20726564596069233
    ],
    [
      -0.0297539062324585,
      -0.10209243260052546,
      0.014324640757704907,
      -0.020364937049955234,
      0.17647775935517318,
      0.004246396376344634,
      0.1516151130039988,
      0.04721489670135683,
      0.09832470041551386,
      -0.03335757870164635,
      1.0,
      -0.14424221112094446,
      0.06164604886931419
    ],
    [
      0.06807477703938343,
      0.013005975481560399,
      -0.009445773437903848,
      0.09429767280346864,
      -0.12560911485413953,
      0.1395955499204582,
      0.01603187484341106,
      0.03440276139684987,
      0.11114368571596725,
      -0.006568464345364514,
      -0.14424221112094446,
      1.0,
      -0.19817029590634658
    ],
    [
      0.04851773529753653,
      -0.0565144975239233,
      0.15074387476964674,
      -0.002369537889722093,
      0.15637536036819927,
      -0.04939566037661382,
      0.004922157199422118,
      -0.04226330221267558,
      0.09894875266775933,
      -0.20726564596069233,
      0.06164604886931419,
      -0.19817029590634658,
      1.0
    ]
  ],
  "loadings": {
    "BIAS": [
      0.8024038048189608,
      0.8281667689041485,
      1.0871164234627408,
      0.7284381220735417,
      0.734804640320121,
      0.9079935146015166,
      0.6750293320693187,
      0.7838767659848103,
      1.0846673969178169,
      0.8735986386392021,
      0.8986435470831617,
      0.6573273855894844
    ],
    "DOI": [
      0.5365156584421267,
      0.805101649426022,
      0.9441183280413383,
      0.8863427009597262,
      1.0345780186803657,
      0.815460003766658,
      1.0324572944161663,
      0.7621377029143632,
      0.9664997501862711,
      0.4454456393448495,
      0.7664804224732344,
      0.7075747928724594
    ],
    "NPI": [
      0.869333463124124,
      0.7733435962943876,
      1.0060575382175598,
      0.889398515225752,
      0.8284125598802211,
      0.7414791339200015,
      0.7370023174217459,
      0.7941545703018937,
      0.9023818895009346,
      0.8806552976465192
    ],
    "SD3_psy": [
      0.9432291774303682,
      0.6705782378667176,
      0.7647930105476678,
      0.6858876134907461,
      1.0917820692597473,
      0.7492855703935196,
      0.6224777420123753,
      0.6554767386567223,
      1.016507127760596
    ],
    "SD3_mac": [
      0.5815100862165187,
      0.6896204047985368,
      0.745764607159798,
      0.49327934425193143,
      0.9143995258765105,
      0.9781425021861071,
      0.96012476991799,
      0.8608252127418444,
      0.7584788177284152
    ],
    "SD3_narc": [
      1.0110185582280793,
      0.9656105705742217,
      0.523361997169988,
      0.738411705003365,
      0.8382728502847403,
      1.0581652395003536,
      0.9845379934276943,
      0.6882333465732589,
      0.9830989809718432
    ],
    "HSQ_aff": [
      0.8360955833318603,
      0.5737924764724261,
      0.8366732292487681,
      0.6027245047316911,
      0.6123864409028059,
      0.8613388223307055,
      0.7584085521332266,
      0.7421763175986128
    ],
    "HSQ_self": [
      0.5660785738118628,
      0.9735807546375785,
      0.9440677977781897,
      0.6622149499503279,
      0.9068863189201319,
      0.8904965732616704,
      0.7660155569560722,
      0.7068010940172132
    ],
    "HSQ_aggr": [
      0.807553095884682,
      0.923699850224534,
      0.8838020518691078,
      0.7626076152517425,
      0.673906115014582,
      0.5956254893379423,
      0.9648231846365158,
      0.9250784518961792
    ],