{
  "seed": 561668002,
  "countries": [
    "RU",
    "US",
    "DE",
    "IN"
  ],
  "languages": [
    "ru",
    "en",
    "de",
    "en"
  ],
  "n_total": 500,
  "n_per_group": {
    "RU-ru": 130,
    "US-en": 130,
    "DE-de": 119,
    "IN-en": 121
  },
  "scales_enabled": [
    "BIAS",
    "DOI",
    "NPI",
    "SD3_psy",
    "SD3_mac",
    "SD3_narc",
    "HSQ_aff",
    "HSQ_self",
    "HSQ_aggr",
    "HSQ_soci",
    "ATTN"
  ],
  "correlation_matrix": [
    [
      1.0,
      -0.03351845164680013,
      0.08614141008843579,
      0.06059728856077981,
      -0.024603273728699703,
      -0.036728707796089,
      0.12861056734084836,
      0.03738013275063294,
      -0.135061342765715,
      0.12170577127125402,
      -0.2222344734921908,
      -0.042847835638701495,
      -0.24539421072202108
    ],
    [
      -0.03351845164680013,
      1.0,
      -0.08497084346923596,
      0.18030810507470024,
      0.1425615882433566,
      -0.044587684405545114,
      -0.021038434901050947,
      0.07866247478063516,
      -0.18775562609294855,
      -0.21357937242619685,
      -0.12170498358100774,
      -0.08554100790042479,
      0.18630703610976043
    ],
    [
      0.08614141008843579,
      -0.08497084346923596,
      1.0,
      -0.11645286418256078,
      -0.08988569531279406,
      0.08523162714787544,
      -0.024037720973447276,
      0.0819999523977749,
      0.0764124239542402,
      0.2960047806666913,
      0.05207220100141679,
      -0.15082423333455197,
      -0.10506416475651295
    ],
    [
      0.06059728856077981,
      0.18030810507470024,
      -0.11645286418256078,
      1.0,
      0.04318930065577009,
      -0.08545324212820733,
      0.18454664633234308,
      -0.02518744775508766,
      -0.06453743467230508,
      -0.2978796062087496,
      -0.1572215439151932,
      0.21931023727099608,
      -0.20705243309357194
    ],
    [
      -0.024603273728699703,
      0.1425615882433566,
      -0.08988569531279406,
      0.04318930065577009,
      1.0,
      -0.05846970805776775,
      -0.1386893567402464,
      -0.08197647994488926,
      0.044209924286331546,
      -0.11574572934042286,
      0.1359146913616226,
      0.07684074794682186,
      0.2676875631381977
    ],
    [
      -0.036728707796089,
      -0.044587684405545114,
      0.08523162714787544,
      -0.08545324212820733,
      -0.05846970805776775,
      1.0,
      -0.05686534740294297,
      0.09023583640482878,
      -0.10039876772419405,
      0.2723111807798601,
      -0.12797383525444986,
      0.12418189462349163,
      -0.09437030536682504
    ],
    [
      0.12861056734084836,
      -0.021038434901050947,
      -0.024037720973447276,
      0.18454664633234308,
      -0.1386893567402464,
      -0.05686534740294297,
      1.0,
      0.015702165891071224,
      -0.01033657062915278,
      -0.04628106264636209,
      -0.22409050884502632,
      -0.02765340987454055,
      -0.1308994874546811
    ],
    [
      0.03738013275063294,
      0.07866247478063516,
      0.0819999523977749,
      -0.02518744775508766,
      -0.08197647994488926,
      0.09023583640482878,
      0.015702165891071224,
      1.0,
      -0.13991234783967374,
      0.11550645697605381,
      -0.1810724247900725,
      -0.08417970556896773,
      -0.06113466653976402
    ],
    [
      -0.135061342765715,
      -0.18775562609294855,
      0.0764124239542402,
      -0.06453743467230508,
      0.044209924286331546,
      -0.10039876772419405,
      -0.01033657062915278,
      -0.13991234783967374,
      1.0,
      0.06219666693768551,
      0.15067571716000272,
      -0.1109848368797135,
      -0.07359229836613033
    ],
    [
      0.12170577127125402,
      -0.21357937242619685,
      0.2960047806666913,
      -0.2978796062087496,
      -0.11574572934042286,
      0.2723111807798601,
      -0.04628106264636209,
      0.11550645697605381,
      0.06219666693768551,
      1.0,
      -0.026255712209437423,
      -0.11433848377664688,
      -0.14993686463387268
    ],
    [
      -0.2222344734921908,
      -0.12170498358100774,
      0.05207220100141679,
      -0.1572215439151932,
      0.1359146913616226,
      -0.12797383525444986,
      -0.22409050884502632,
      -0.1810724247900725,
      0.15067571716000272,
      -0.026255712209437423,
      1.0,
      0.10741331237987989,
      0.20316192031434738
    ],
    [
      -0.042847835638701495,
      -0.08554100790042479,
      -0.15082423333455197,
      0.21931023727099608,
      0.07684074794682186,
      0.12418189462349163,
      -0.02765340987454055,
      -0.08417970556896773,
      -0.1109848368797135,
      -0.11433848377664688,
      0.10741331237987989,
      1.0,
      -0.06941950329030974
    ],
    [
      -0.24539421072202108,
      0.18630703610976043,
      -0.10506416475651295,
      -0.20705243309357194,
      0.2676875631381977,
      -0.09437030536682504,
      -0.1308994874546811,
      -0.06113466653976402,
      -0.07359229836613033,
      -0.14993686463387268,
      0.20316192031434738,
      -0.06941950329030974,
      1.0
    ]
  ],
  "loadings": {
    "BIAS": [
      0.6797703067584953,
      0.8355574666226838,
      0.8138341214619158,
      0.7065170839118158,
      0.7510814402000029,
      1.0095243334649597,
      0.7763754157575135,
      0.8140127278680485,
      0.8386099921567073,
      0.7894678845102789,
      0.6768569622811715,
      0.650938433933383
    ],
    "DOI": [
      0.6128345699166433,
      1.0520592314925097,
      0.6413605074886097,
      0.9337712112913996,
      0.5275921357502297,
      0.7453563429994408,
      0.6350622385342901,
      0.8773335510596153,
      0.7837266191123095,
      0.8036928735935716,
      0.7442016987868265,
      0.9213869806118983
    ],
    "NPI": [
      0.8779880636719796,
      0.7410613476210307,
      0.7069257564586455,
      0.8169394661199835,
      0.6956818557474533,
      0.5850825868465105,
      0.7395748406108634,
      0.8305344955217955,
      0.7908930090713767,
      0.8549531168075168
    ],
    "SD3_psy": [
      0.8489517778528931,
      0.7803671513723908,
      0.7716585432786496,
      0.7356619150470024,
      0.8986141923772992,
      0.7327068133808732,
      0.8976473572841128,
      0.8412817933629779,
      0.5089597365621975
    ],
    "SD3_mac": [
      0.8583938163431891,
      0.8973162129363663,
      0.8067234655437935,
      0.5547979862334099,
      0.8786267912940023,
      0.8054377652881567,
      1.057076655682707,
      0.7834004120632838,
      0.840520718853939
    ],
    "SD3_narc": [
      0.7291989281812244,
      0.8774673294857487,
      0.6471434707001774,
      0.6708926704405177,
      0.9282089003012319,
      0.9224373112591215,
      0.8765383870970745,
      0.7181574573951611,
      0.5812002439908459
    ],
    "HSQ_aff": [
      0.6076480426913937,
      0.8287587738947713,
      0.8067837521866532,
      0.9566140939924774,
      0.78741112101818,
      0.8060685379007292,
      0.8124505182626178,
      0.8937515056185057
    ],
    "HSQ_self": [
      0.7461852577131652,
      0.8601665709903374,
      0.7737291477845422,
      0.8054216636655829,
      0.6098211941225677,
      0.8918174675095037,
      0.5991820314494749,
      0.7226798968716521
    ],
    "HSQ_aggr": [
      0.6797219322450768,
      0.8400051659646228,
      0.9262561147032851,
      0.9735266704864358,
      0.7327243172799878,
      0.6502859501339605,
      1.0909477339128666,
      0.6777932809841505
    ],