scale,n_items,alpha,omega,n_used
BIAS,12,0.0,0.4634270946012531,500
DOI,12,0.0,0.2816176096528219,500
HSQ,32,0.34834914512501464,0.0354874542075642,500
NPI,10,0.7410989864783653,0.8343747435619625,500
SD3,27,0.5666851364074217,0.45328242611406516,500
