{
  "reliability": {
    "alpha": 0.21905170737649116,
    "omega": 0.01306463386313847,
    "n_used": 500
  },
  "efa": {
    "loadings": [
      [
        0.054065047685204204
      ],
      [
        0.0788889879685212
      ],
      [
        0.15032777812108816
      ],
      [
        -0.19910758983974203
      ],
      [
        -0.15910745586282662
      ],
      [
        0.14493916781151261
      ],
      [
        0.15828540432036572
      ],
      [
        -0.07912961138882302
      ],
      [
        -0.1533486695607196
      ],
      [
        -0.20545890625805038
      ],
      [
        0.16181795616544292
      ],
      [
        -0.2019674771524878
      ],
      [
        0.2093984875407364
      ],
      [
        0.13860691225821972
      ],
      [
        0.26681452996832344
      ],
      [
        0.33951553020384095
      ],
      [
        0.41132523247611213
      ],
      [
        -0.410380320547624
      ],
      [
        -0.3949046122795056
      ],
      [
        0.3703400872438204
      ],
      [
        -0.40075734875467933
      ],
      [
        0.42376636122298666
      ],
      [
        -0.4054479274301709
      ],
      [
        -0.18487736593848914
      ],
      [
        0.3820121969998687
      ],
      [
        -0.3485777497971487
      ],
      [
        -0.16016655041847824
      ],
      [
        -0.26307101923934145
      ],
      [
        0.1581330068927783
      ],
      [
        -0.1801639699291255
      ],
      [
        0.2325034031714158
      ],
      [
        -0.1873213926217988
      ],
      [
        0.18381465966543406
      ],
      [
        0.1803122996680431
      ],
      [
        0.2706879003905925
      ],
      [
        -0.26545760852428985
      ],
      [
        0.21368157671343646
      ],
      [
        0.27410921969587115
      ],
      [
        0.22725892632826755
      ],
      [
        -0.21284518033173747
      ],
      [
        0.21245829144009398
      ],
      [
        0.29324006133857866
      ],
      [
        -0.13199371892063164
      ],
      [
        0.19714635280791046
      ],
      [
        -0.19449018281459504
      ],
      [
        -0.18016237855754033
      ],
      [
        -0.2150585033147835
      ],
      [
        -0.23143161916560895
      ],
      [
        -0.2225006246512496
      ],
      [
        -0.1967444401503935
      ],
      [
        0.2776826845354705
      ],
      [
        -0.08856534450206216
      ],
      [
        -0.2731827991254269
      ],
      [
        -0.20639904489890232
      ],
      [
        -0.284381606087887
      ],
      [
        -0.14811205213576073
      ],
      [
        -0.27783283201764164
      ],
      [
        -0.17082013012126582
      ],
      [
        0.2495830223946174
      ],
      [
        0.11822386392792371
      ],
      [
        -0.12942485551919108
      ],
      [
        0.21889720567566434
      ],
      [
        0.1743060040711477
      ],
      [
        0.12631062292736486
      ],
      [
        0.2267985950011717
      ],
      [
        0.15490533757998798
      ],
      [
        0.224028873622113
      ],
      [
        -0.17270993291416029
      ],
      [
        0.048569717669182444
      ],
      [
        0.06261355108964842
      ],
      [
        -0.07897984252310643
      ],
      [
        0.0032577928813206235
      ],
      [
        -0.06482949377405821
      ],
      [
        -0.14243370194272514
      ],
      [
        -0.10179288907629494
      ],
      [
        0.0909616113093606
      ],
      [
        -0.11206359530654164
      ],
      [
        -0.0192634530004163
      ],
      [
        -0.07186058210284553
      ],
      [
        -0.05119425502581052
      ],
      [
        -0.023442617358586514
      ],
      [
        0.03496135616287333
      ],
      [
        -0.04250917036150929
      ],
      [
        -0.03538345622338705
      ],
      [
        0.04940626811624374
      ],
      [
        -0.03126764502421024
      ],
      [
        0.21241528514899838
      ],
      [
        -0.17560268835063206
      ],
      [
        -0.22152367247984717
      ],
      [
        -0.16501003664393604
      ],
      [
        0.2512891107915015
      ],
      [
        -0.19458455991991985
      ],
      [
        -0.1495442491761495
      ],
      [
        0.2331705377030507
      ],
      [
        -0.21889293947233968
      ]
    ],
    "eigenvalues": [
      4.299746906859994
    ],
    "explained_var_ratio": [
      0.04526049375642099
    ],
    "communalities": [
      0.0029230293812034045,
      0.006223472422697483,
      0.022598440874823114,
      0.039643832331790946,
      0.025315182511141322,
      0.021007362365893813,
      0.025054269220861652,
      0.00626149539854615,
      0.023515814456042772,
      0.04221336216075434,
      0.026185050937561207,
      0.04079086182734069,
      0.043847726584347935,
      0.01921187612575782,
      0.07118999340221736,
      0.11527079524959524,
      0.1691884468715277,
      0.16841200749277063,
      0.15594965279962664,
      0.1371517802197605,
      0.1606064525808797,
      0.17957792890417082,
      0.16438802185742113,
      0.03417964043635402,
      0.1459333186566665,
      0.12150644765364359,
      0.025653323872954933,
      0.06920636116362595,
      0.025006047868951466,
      0.03245905606062284,
      0.05405783248628992,
      0.0350893041337701,
      0.03378782910791935,
      0.032512525411578175,
      0.07327193941786732,
      0.07046774192343512,
      0.04565981622674023,
      0.07513586432227935,
      0.051646619595876936,
      0.04530307079044984,
      0.045138525601643914,
      0.08598973357385338,
      0.01742234183449871,
      0.0388666844254611,
      0.0378264312112546,
      0.032458482647510466,
      0.04625015984799474,
      0.05356059434961546,
      0.04950652797019626,
      0.03870837473009177,
      0.07710767329082563,
      0.007843820246768952,
      0.07462884173800335,
      0.0426005657351791,
      0.08087289788112612,
      0.021937179987866304,
      0.07719108254694308,
      0.029179516854646186,
      0.062291685067632094,
      0.01397688200204822,
      0.016750793226163487,
      0.047915986652614095,
      0.030382583055250965,
      0.01595437346429895,
      0.0514376026945055,
      0.023995663610770036,
      0.05018893621639267,
      0.029828720927213746,
      0.002359017474464093,
      0.003920456780056012,
      0.00623781552497469,
      1.061321445758333e-05,
      0.004202863263000652,
      0.020287359449109064,
      0.010361792266498885,
      0.008274014731995199,
      0.012558249393028341,
      0.0003710806214992477,
      0.005163943260159803,
      0.002620851747647726,
      0.0005495563086211017,
      0.001222296424747281,
      0.0018070295648238196,
      0.001251988974312348,
      0.0024409793291741626,
      0.0009776656253600196,
      0.04512025336493029,
      0.030836304155969208,
      0.0490727374689586,
      0.027228312193233115,
      0.06314621720238352,
      0.03786315095922888,
      0.022363482461658292,
      0.054368499652729795,
      0.04791411895084136
    ]
  },
  "reliability_by_scale": [
    {
      "scale": "BIAS",
      "n_items": 12,
      "alpha": 0.0,
      "omega": 4.81610927470805e-06,
      "n_used": 500
    },
    {
      "scale": "DOI",
      "n_items": 12,
      "alpha": 0.0,
      "omega": 2.295410754160183e-09,
      "n_used": 500
    },
    {
      "scale": "HSQ_aff",
      "n_items": 8,
      "alpha": 0.0,