scale,n_items,alpha,omega,n_used
BIAS,12,0.2868417470687536,0.3998165331602672,500
DOI,12,0.06357800190281448,0.03006532332729645,500
HSQ_aff,8,0.0,0.10441274483490696,500
HSQ_aggr,8,0.0,0.1671783177521556,500
HSQ_self,8,0.12485410689757272,0.37293724863852534,500
HSQ_soci,8,0.0,0.009739284574456893,500
NPI,10,0.3539890240529578,0.5625037144547006,500
SD3_mac,9,0.0,0.19187838055010048,500
SD3_narc,9,0.15741484909791376,0.3795589593716833,500
SD3_psy,9,0.0,0.012667348079767996,500
