{
  "reliability": {
    "alpha": 0.18957774252380047,
    "omega": 0.08144218653621992,
    "n_used": 500
  },
  "efa": {
    "loadings": [
      [
        -0.06378331287686319
      ],
      [
        -0.2004780113992091
      ],
      [
        -0.11807372516132815
      ],
      [
        -0.04038514964732722
      ],
      [
        0.049330300238120066
      ],
      [
        0.02417311429634444
      ],
      [
        -0.132880201721285
      ],
      [
        0.004614862623788799
      ],
      [
        -0.026701333258776074
      ],
      [
        -0.09694728869816541
      ],
      [
        0.009985583312370977
      ],
      [
        0.04110666420559881
      ],
      [
        -0.0420596132046392
      ],
      [
        -0.03517525049586023
      ],
      [
        0.38512611734568025
      ],
      [
        0.31298778738514993
      ],
      [
        0.3017329939460265
      ],
      [
        0.3635718129512769
      ],
      [
        -0.3643297902659968
      ],
      [
        -0.40639110708435294
      ],
      [
        -0.31608613397716395
      ],
      [
        0.4167168548274864
      ],
      [
        0.19030107759152382
      ],
      [
        -0.30230480259031395
      ],
      [
        0.39447681037396387
      ],
      [
        -0.297346848076282
      ],
      [
        0.0030599682618143776
      ],
      [
        0.029401050086030278
      ],
      [
        0.11209666903989374
      ],
      [
        0.08047175337438563
      ],
      [
        0.0804198643823357
      ],
      [
        -0.05261913914654932
      ],
      [
        -0.03244116791163644
      ],
      [
        -0.15809747075625058
      ],
      [
        -0.2301651146782832
      ],
      [
        0.18675564997193456
      ],
      [
        0.2184995990432702
      ],
      [
        0.17404978949096553
      ],
      [
        0.26652208025084184
      ],
      [
        -0.2563321556445689
      ],
      [
        0.22238825566060294
      ],
      [
        -0.22624480717654086
      ],
      [
        -0.02805660380546575
      ],
      [
        0.06013877999562018
      ],
      [
        0.17571217316062598
      ],
      [
        -0.12159048245893517
      ],
      [
        0.24012825341548244
      ],
      [
        0.16664393496649793
      ],
      [
        0.26133104759486164
      ],
      [
        -0.04086777873283893
      ],
      [
        -0.30338890871130314
      ],
      [
        0.25900186886700305
      ],
      [
        -0.23355684512341524
      ],
      [
        -0.30431787086991147
      ],
      [
        0.29552179901084524
      ],
      [
        -0.20488718978642273
      ],
      [
        0.13993788879150362
      ],
      [
        0.2677336216858645
      ],
      [
        0.07825401583255316
      ],
      [
        -0.06991911644404511
      ],
      [
        0.18556751474975605
      ],
      [
        0.11647537256121636
      ],
      [
        0.14509961760945952
      ],
      [
        0.2236670804992787
      ],
      [
        -0.29566036207105395
      ],
      [
        0.2565069313979219
      ],
      [
        0.07278175310558808
      ],
      [
        0.07574517119916274
      ],
      [
        0.04163834480510025
      ],
      [
        -0.010001295216541839
      ],
      [
        0.033611951460888724
      ],
      [
        -0.03176430548437883
      ],
      [
        0.038354147285713375
      ],
      [
        0.06732342844987527
      ],
      [
        -0.10665435537904949
      ],
      [
        0.11853979195626761
      ],
      [
        0.028516680645375003
      ],
      [
        0.07009377471818672
      ],
      [
        0.012050893715779406
      ],
      [
        -0.130800605707203
      ],
      [
        0.16964076333549463
      ],
      [
        0.039309506606914735
      ],
      [
        0.018497875834016686
      ],
      [
        0.10640999535986014
      ],
      [
        -0.058820666286471375
      ],
      [
        0.0605746175471411
      ],
      [
        -0.015148430854216507
      ],
      [
        -0.045362488724238446
      ],
      [
        0.11551518823689945
      ],
      [
        -0.0053555597112700205
      ],
      [
        0.09536208773040321
      ],
      [
        0.1716528374293318
      ],
      [
        0.08928686226723645
      ],
      [
        -0.022174130125316178
      ],
      [
        -0.07472809482652173
      ]
    ],
    "eigenvalues": [
      3.168927921209361
    ],
    "explained_var_ratio": [
      0.03335713601273011
    ],
    "communalities": [
      0.004068311001547822,
      0.040191433054581414,
      0.013941404573472857,
      0.001630960312037014,
      0.0024334785215830686,
      0.000584339454784132,
      0.017657148009489396,
      2.129695703644284e-05,
      0.0007129611977962214,
      0.00939877678592543,
      9.971187408830173e-05,
      0.0016897578421118584,
      0.00176901106292386,
      0.0012372982474465155,
      0.14832212626175867,
      0.09796135505225181,
      0.09104279963563286,
      0.13218446317267826,
      0.13273619607526524,
      0.16515373191724603,
      0.09991044409262964,
      0.17365293709731236,
      0.036214500132495164,
      0.09138819366916869,
      0.15561195392281624,
      0.08841514806089952,
      9.363405763311304e-06,
      0.000864421746161261,
      0.012565663209839472,
      0.006475703091147944,
      0.006467354587273266,
      0.002768773804523919,
      0.0010524293754709897,
      0.024994810259523506,
      0.05297598001486726,
      0.03487767279643974,
      0.04774207478206985,
      0.030293329221849415,
      0.07103401926123618,
      0.0657061740173915,
      0.049456536255765696,
      0.051186712774350156,
      0.0007871730170968752,
      0.0036166728593616058,
      0.03087476779682981,
      0.014784245424596621,
      0.057661578088370156,
      0.027770201061118393,
      0.06829391643702784,
      0.0016701753385562818,
      0.09204482992903543,
      0.06708196807660025,
      0.05454879990400297,
      0.09260936653079611,
      0.08733313369060641,
      0.04197876053857761,
      0.019582612719423236,
      0.07168129218102962,
      0.006123690993921481,
      0.004888682844315939,
      0.03443530253040093,
      0.013566512413274152,
      0.021053899030411376,
      0.05002696289907081,
      0.08741504969998672,
      0.06579580585517822,
      0.0052971835851227805,
      0.005737330959990473,
      0.001733751758108419,
      0.00010002590600842267,
      0.0011297632810091396,
      0.001008971102904939,
      0.0014710406140141946,
      0.004532444018245475,
      0.011375151521320584,
      0.014051682277035208,
      0.0008132010750303053,
      0.004913137254243911,
      0.00014522403934901157,
      0.017108798453371186,
      0.0287779885850493,
      0.0015452373096790733,
      0.0003421714103706985,
      0.011323087112485456,
      0.00345987078238443,
      0.0036692842909824145,
      0.00022947495734497867,
      0.00205775538325666,
      0.013343758713406312,
      2.8682019820978627e-05,
      0.009093927776301119,
      0.02946469659754061,
      0.007972143773528452,
      0.0004916920468144545,
      0.005584288156401624
    ]
  },
  "invariance": {
    "min_congruence": 0.25550500069600035,
    "mean_congruence": 0.25550500069600035,
    "pass_all": 0.0
  },
  "dif": {
    "csv": "pilot_dif.csv",
    "n_rows": 95
  },
  "reliability_by_scale": [
    {
      "scale": "BIAS",
      "n_items": 12,
      "alpha": 0.2868417470687536,