{
  "reliability": {
    "alpha": 0.3723226907090591,
    "omega": 0.007419383501657017,
    "n_used": 500
  },
  "efa": {
    "loadings": [
      [
        -0.028018548871769796
      ],
      [
        -0.01477707936447473
      ],
      [
        0.51922895389944
      ],
      [
        0.5512806410635204
      ],
      [
        -0.5416279052993281
      ],
      [
        -0.4894988465061018
      ],
      [
        0.48624701191464265
      ],
      [
        -0.5996780338349674
      ],
      [
        0.5175070587090196
      ],
      [
        -0.5507072466276189
      ],
      [
        0.5686909134264876
      ],
      [
        0.5595142457534663
      ],
      [
        0.4902107679228222
      ],
      [
        0.48639527986876013
      ],
      [
        0.17493752964193834
      ],
      [
        -0.17347825999226724
      ],
      [
        -0.16275734374380807
      ],
      [
        -0.2200357929813261
      ],
      [
        -0.10761924742290832
      ],
      [
        0.19042459492377012
      ],
      [
        0.191999890188883
      ],
      [
        -0.18259447188786615
      ],
      [
        0.21986310007572066
      ],
      [
        0.21561255099764162
      ],
      [
        -0.1763229302516025
      ],
      [
        -0.15696530923419239
      ],
      [
        -0.07784208522859375
      ],
      [
        -0.2173098198585265
      ],
      [
        -0.09865576871637972
      ],
      [
        -0.14207878607752122
      ],
      [
        -0.11044461696116367
      ],
      [
        -0.09555913807545711
      ],
      [
        -0.0839759079049324
      ],
      [
        0.1306366766406012
      ],
      [
        0.1868799141246592
      ],
      [
        0.163225786286081
      ],
      [
        -0.20872465058783557
      ],
      [
        -0.2008744060813986
      ],
      [
        -0.20689452839378236
      ],
      [
        0.2973002354782943
      ],
      [
        0.2153863025804824
      ],
      [
        -0.18907804176867846
      ],
      [
        -0.2856071193010894
      ],
      [
        0.3291231162839649
      ],
      [
        -0.3540000049968549
      ],
      [
        -0.28631815781055187
      ],
      [
        -0.24636091758082937
      ],
      [
        -0.35322986568969705
      ],
      [
        -0.24070703111934413
      ],
      [
        0.3251960171640065
      ],
      [
        -0.18843904990089672
      ],
      [
        -0.327518444607763
      ],
      [
        -0.3370753880556845
      ],
      [
        -0.333603228451333
      ],
      [
        -0.2777159095079838
      ],
      [
        0.3435086919653753
      ],
      [
        -0.35527703645630665
      ],
      [
        -0.28500910561655435
      ],
      [
        0.029475461740506147
      ],
      [
        0.06107436595720023
      ],
      [
        0.06160589595611367
      ],
      [
        -0.10763679271590508
      ],
      [
        0.16223123011013774
      ],
      [
        0.07632283449042807
      ],
      [
        0.04941553187346015
      ],
      [
        0.0758982542116607
      ],
      [
        0.04250385827418846
      ],
      [
        0.07912720222148804
      ],
      [
        0.006069071025185042
      ],
      [
        0.05518673728800595
      ],
      [
        -0.06580841558868449
      ],
      [
        0.03816468190578851
      ],
      [
        0.0816258513536677
      ],
      [
        0.05542535078590144
      ],
      [
        0.03904600634506871
      ],
      [
        0.026875488973983678
      ],
      [
        0.030349865570744775
      ],
      [
        -0.07990972089324867
      ],
      [
        -0.06838828396956824
      ],
      [
        -0.0931885388554952
      ],
      [
        0.09973733285419976
      ],
      [
        0.17079437219965354
      ],
      [
        -0.06772551253859181
      ],
      [
        -0.17977295109459923
      ],
      [
        -0.08957402058959231
      ],
      [
        -0.03591389086748945
      ],
      [
        0.4188971001325373
      ],
      [
        0.38989167807452796
      ],
      [
        0.37558714187062614
      ],
      [
        0.36844221149613815
      ],
      [
        -0.3905290447348083
      ],
      [
        0.4033055017114527
      ],
      [
        0.37422013244880076
      ],
      [
        0.36195330042758533
      ],
      [
        0.3417656439217116
      ]
    ],
    "eigenvalues": [
      7.298840631565722
    ],
    "explained_var_ratio": [
      0.07682990138490234
    ],
    "communalities": [
      0.0007850390808797525,
      0.00021836207454398488,
      0.2695987065675068,
      0.303910345211406,
      0.293360787798938,
      0.23960912073080423,
      0.23643615659591863,
      0.35961374426417236,
      0.2678135558136606,
      0.3032784714881731,
      0.3234093550138528,
      0.3130561912010703,
      0.24030659698748305,
      0.2365803682786095,
      0.030603139277224058,
      0.030094706689944666,
      0.0264899529425401,
      0.048415750192921,
      0.011581902415873159,
      0.036261526351881936,
      0.03686395783254313,
      0.033340741164008744,
      0.04833978277490636,
      0.04648877214771061,
      0.031089775732511482,
      0.024638108302985642,
      0.006059390232735652,
      0.04722355780694523,
      0.009732960701019809,
      0.02018638145326204,
      0.012198013415698162,
      0.009131548869724278,
      0.007051953108457687,
      0.017065941283700998,
      0.03492410230324,
      0.026642657308709388,
      0.043565979763014046,
      0.04035052701855462,
      0.04280534587928562,
      0.08838743001544926,
      0.04639125933929113,
      0.03575050587907812,
      0.0815714265954667,
      0.10832202567246828,
      0.1253160035377733,
      0.08197808749202808,
      0.0606937017112682,
      0.12477133801516142,
      0.0579398748302889,
      0.1057524495793328,
      0.03550927552755264,
      0.10726833155828834,
      0.11361981723289029,
      0.11129111403315227,
      0.07712612639384665,
      0.11799822145576311,
      0.12622177263317585,
      0.08123019028434823,
      0.0008688028448160417,
      0.003730078177074018,
      0.0037952864165555025,
      0.011585679146166717,
      0.026318972023048462,
      0.005825175064653276,
      0.002441894790336956,
      0.005760544992377871,
      0.001806577968192299,
      0.006261114131400262,
      3.6833623108740615e-05,
      0.0030455759724953868,
      0.004330747562293011,
      0.0014565429449700212,
      0.006662779609211056,
      0.003071969509740225,
      0.001524590611499146,
      0.0007222919075907182,
      0.000921114340162279,
      0.006385563493236904,
      0.004676957384302304,
      0.00868410377402214,
      0.009947535564869436,
      0.029170717575073786,
      0.004586745048614956,
      0.03231831394526117,
      0.008023505164584707,
      0.0012898075572419423,
      0.17547478049944898,
      0.15201552063177134,
      0.14106570113854586,
      0.135749663212165,
      0.15251293478148192,
      0.16265532771072658,
      0.14004070752999798,
      0.13101019169042186,
      0.11680375536522217
    ]
  },
  "reliability_by_scale": [
    {
      "scale": "BIAS",
      "n_items": 8,
      "alpha": 0.8297717719375551,
      "omega": 0.8709551846929996,
      "n_used": 500,
      "optimized": true,
      "opt_metric": "alpha",
      "opt_score": 0.8297717719375552,
      "n_items_original": 12,
      "n_items_kept": 8,
      "n_items_dropped": 4,