{
  "seed": 2680396871,
  "countries": [
    "RU",
    "US",
    "DE",
    "IN"
  ],
  "languages": [
    "ru",
    "en",
    "de",
    "en"
  ],
  "n_total": 500,
  "n_per_group": {
    "RU-ru": 129,
    "US-en": 131,
    "DE-de": 116,
    "IN-en": 124
  },
  "scales_enabled": [
    "BIAS",
    "DOI",
    "NPI",
    "SD3_psy",
    "SD3_mac",
    "SD3_narc",
    "HSQ_aff",
    "HSQ_self",
    "HSQ_aggr",
    "HSQ_soci",
    "ATTN"
  ],
  "correlation_matrix": [
    [
      1.0,
      0.007275681157355622,
      -0.0996595506192324,
      -0.11447183108637449,
      0.08802978378524508,
      0.18729904769220215,
      -0.13007862185558763,
      0.1084797953776786,
      -0.009353789686629378,
      0.011770469893724442,
      -0.038010287802255086,
      -0.029702423295872336,
      0.056369649981144826
    ],
    [
      0.007275681157355622,
      1.0,
      -0.1326555760464715,
      0.017392563321053434,
      0.12618639531951079,
      0.3055496403496794,
      -0.07121686241787227,
      -0.2595616681618625,
      0.29368367669905193,
      0.11959781769411452,
      0.06795599258895145,
      -0.11485458613022645,
      -0.0063308890885804825
    ],
    [
      -0.0996595506192324,
      -0.1326555760464715,
      1.0,
      -0.11899988247820809,
      -0.012752762353585256,
      -0.22410126664510063,
      0.0015954833396828712,
      -0.01708848838717993,
      0.05814375184685427,
      -0.017832625030592675,
      0.27858207654864087,
      0.19432791325936516,
      -0.07749273883265155
    ],
    [
      -0.11447183108637449,
      0.017392563321053434,
      -0.11899988247820809,
      1.0,
      0.040266323358784106,
      0.052893213354874416,
      -0.009333906979100146,
      0.002720605059180632,
      -0.004094818967532445,
      0.11422081317948567,
      -0.04368195556776817,
      -0.054547696308221545,
      -0.1096572594725661
    ],
    [
      0.08802978378524508,
      0.12618639531951079,
      -0.012752762353585256,
      0.040266323358784106,
      1.0,
      0.2549169384031457,
      0.007200904493267072,
      0.0201949637513107,
      -0.05710927621473149,
      0.021326145349535933,
      0.2845445872570198,
      0.35957450686046183,
      0.02972596970042163
    ],
    [
      0.18729904769220215,
      0.3055496403496794,
      -0.22410126664510063,
      0.052893213354874416,
      0.2549169384031457,
      1.0,
      -0.029646677843275463,
      0.15582229206487025,
      0.022878646285146305,
      0.09394842526015308,
      0.05000151106564913,
      0.14168328081773726,
      0.07101628558963131
    ],
    [
      -0.13007862185558763,
      -0.07121686241787227,
      0.0015954833396828712,
      -0.009333906979100146,
      0.007200904493267072,
      -0.029646677843275463,
      1.0,
      -0.041910817915177985,
      -0.0034540969871050377,
      -0.17398149426016377,
      0.08803570258561942,
      0.06599859062178003,
      -0.10672698195198328
    ],
    [
      0.1084797953776786,
      -0.2595616681618625,
      -0.01708848838717993,
      0.002720605059180632,
      0.0201949637513107,
      0.15582229206487025,
      -0.041910817915177985,
      1.0,
      -0.17845621566622338,
      0.001011084471261161,
      0.015162365115402313,
      0.17633360014640953,
      0.01272800001994036
    ],
    [
      -0.009353789686629378,
      0.29368367669905193,
      0.05814375184685427,
      -0.004094818967532445,
      -0.05710927621473149,
      0.022878646285146305,
      -0.0034540969871050377,
      -0.17845621566622338,
      1.0,
      -0.05600752280136812,
      -0.051804863535502454,
      -0.17211178280485312,
      -0.1386367018720607
    ],
    [
      0.011770469893724442,
      0.11959781769411452,
      -0.017832625030592675,
      0.11422081317948567,
      0.021326145349535933,
      0.09394842526015308,
      -0.17398149426016377,
      0.001011084471261161,
      -0.05600752280136812,
      1.0,
      0.10348439055902331,
      -0.03454772735149817,
      -0.07115721700182769
    ],
    [
      -0.038010287802255086,
      0.06795599258895145,
      0.27858207654864087,
      -0.04368195556776817,
      0.2845445872570198,
      0.05000151106564913,
      0.08803570258561942,
      0.015162365115402313,
      -0.051804863535502454,
      0.10348439055902331,
      1.0,
      0.3426022001711014,
      0.011632557039284099
    ],
    [
      -0.029702423295872336,
      -0.11485458613022645,
      0.19432791325936516,
      -0.054547696308221545,
      0.35957450686046183,
      0.14168328081773726,
      0.06599859062178003,
      0.17633360014640953,
      -0.17211178280485312,
      -0.03454772735149817,
      0.3426022001711014,
      1.0,
      0.1976746164836957
    ],
    [
      0.056369649981144826,
      -0.0063308890885804825,
      -0.07749273883265155,
      -0.1096572594725661,
      0.02972596970042163,
      0.07101628558963131,
      -0.10672698195198328,
      0.01272800001994036,
      -0.1386367018720607,
      -0.07115721700182769,
      0.011632557039284099,
      0.1976746164836957,
      1.0
    ]
  ],
  "loadings": {
    "BIAS": [
      0.7471251370407561,
      0.8957025389276124,
      0.7251531023140732,
      0.7227661879136188,
      0.8448464582996603,
      0.9045491245731397,
      0.548944089361053,
      0.7697732494319461,
      0.9843673428142854,
      0.745938314992716,
      1.0125337469472626,
      0.8258172675245801
    ],
    "DOI": [
      0.7875897480593678,
      0.754063997434266,
      0.6324184876917525,
      0.8651769099719716,
      0.8516243772137672,
      0.7724971987819138,
      1.1235221810758187,
      0.8225598420940355,
      0.5580563118432913,
      0.9020196267010928,
      0.8351096222565344,
      0.5934611493267873
    ],
    "NPI": [
      0.7660313106028507,
      0.7819407138795731,
      0.857081828026649,
      1.0063251005598117,
      0.8000000655834475,
      1.0171024569103986,
      0.5448737565704709,
      0.8447549214114615,
      0.7807954739062426,
      0.8996864653049691
    ],
    "SD3_psy": [
      0.6551021517461529,
      0.7241143502647962,
      1.0587427901449773,
      0.6795359757440547,
      0.5798443314993837,
      1.0149689171075051,
      0.6650802726816414,
      0.5219254537994238,
      0.8259394015478994
    ],
    "SD3_mac": [
      0.7886776794712489,
      0.8921005544215153,
      0.8770349683969791,
      1.2,
      0.8497582372267605,
      0.8306094067897695,
      0.8029445052989606,
      0.41192473406780433,
      0.7643155883478037
    ],
    "SD3_narc": [
      0.6661403120092491,
      0.7979410161231433,
      0.7649275933885931,
      0.8472877172629513,
      0.8323957800606876,
      0.8853998052796482,
      0.9683473554620159,
      0.5891029657467887,
      0.9669208787087191
    ],
    "HSQ_aff": [
      0.9492485255999106,
      0.6440638158104421,
      0.765206395651263,
      0.8696864241185751,
      0.660082153579701,
      0.735635462380702,
      0.6130260582968753,
      0.6913497762675662
    ],
    "HSQ_self": [
      0.6681235530484391,
      0.6812586862206129,
      0.9533035479878702,
      0.8139570209930694,
      0.9083024969913281,
      0.708076002915868,
      0.8354914219746755,
      0.9289259008793085
    ],
    "HSQ_aggr": [
      0.9869471526293491,
      0.7978852744620024,
      0.7012823185236648,
      0.6695610643327203,
      0.9887624237414001,
      0.8755367902629455,
      0.6952423024336161,
      0.6715748722351772
    ],