scale,n_items,alpha,omega,n_used
BIAS,12,0.2868417470687536,0.3998165331602672,500
DOI,12,0.06357800190281448,0.03006532332729645,500
HSQ,32,0.05988953660995397,0.19958702485835256,500
NPI,10,0.3539890240529578,0.5625037144547006,500
SD3,27,0.050397069997229545,0.0026882111376690366,500
